Fortnight Date Final,Bank Credit,Food Credit,Non Food Credit
31-Jul-26,22078095,117830,21960265
15-Jul-26,21734674,120730,21613944
30-Jun-26,21930398,132049,21798349
15-Jun-26,21547116,133894,21413222
31-May-26,21515402,137005,21378397
15-May-26,21186890,116048,21070842
30-Apr-26,,103915,-103915
15-Apr-26,20917707,68489,20849218
31-Mar-26,21359897,70271,21289626
15-Mar-26,,74850,-74850
28-Feb-26,,82643,-82643
15-Feb-26,,85305,-85305
31-Jan-26,,89295,-89295
15-Jan-26,,88169,-88169
31-Dec-25,,87972,-87972
15-Dec-25,,83949,-83949
28-Nov-25,,79801,-79801
14-Nov-25,,79191,-79191
31-Oct-25,19393655,70371,19323284
17-Oct-25,19235754,52489,19183265
3-Oct-25,19261332,42659,19218673
19-Sep-25,18902861,45284,18857577
5-Sep-25,18800686,45580,18755106
22-Aug-25,18646842,50455,18596387
8-Aug-25,18606167,52281,18553886
25-Jul-25,18501377,56674,18444703
11-Jul-25,18469893,58992,18410901
27-Jun-25,18486200,64388,18421812
13-Jun-25,18313963,67605,18246358
30-May-25,18287377,70580,18216797
16-May-25,18227712,68078,18159634
2-May-25,18284957,62446,18222511
18-Apr-25,18187891,32125,18155766
4-Apr-25,18402083,29356,18372727
21-Mar-25,18243972,36531,18207441
7-Mar-25,18125413,42552,18082861
21-Feb-25,17989979,47447,17942532
7-Feb-25,17963429,53944,17909485
24-Jan-25,17868479,56178,17812301
10-Jan-25,17799394,57723,17741671
27-Dec-24,17743037,56138,17686899
13-Dec-24,17586881,52306,17534575
29-Nov-24,17508956,51254,17457702
15-Nov-24,17362818,45156,17317662
1-Nov-24,17419532,30054,17389478
18-Oct-24,17237674,18654,17219020
4-Oct-24,17297778,17801,17279977
20-Sep-24,17125052,19925,17105127
6-Sep-24,17046602,21503,17025099
23-Aug-24,16945309,24360,16920949
9-Aug-24,16880301,27931,16852370
26-Jul-24,16813935,28190,16785745
12-Jul-24,16812118,30262,16781856
28-Jun-24,16886029,33903,16852126
14-Jun-24,16706418,36923,16669495
31-May-24,16782882,40258,16742624
17-May-24,16601014,41273,16559741
3-May-24,16631720,37780,16593940
19-Apr-24,16491796,18090,16473706
5-Apr-24,16585170,21208,16563962
22-Mar-24,16432164,23080,16409084
8-Mar-24,16313559,31703,16281856
23-Feb-24,16214135,40501,16173634
9-Feb-24,16147477,46442,16101035
26-Jan-24,16043592,45618,15997974
12-Jan-24,15969926,43969,15925957
29-Dec-23,15961944,43138,15918806
15-Dec-23,15779480,42499,15736981
1-Dec-23,15825456,41693,15783763
17-Nov-23,15620807,40260,15580547
3-Nov-23,15584526,22803,15561723
20-Oct-23,15457887,19841,15438046
6-Oct-23,15337992,19279,15318713
22-Sep-23,15151314,18865,15132449
8-Sep-23,15039169,19071,15020098
25-Aug-23,14917312,19355,14897957
11-Aug-23,14860792,19930,14840862
28-Jul-23,14787123,20836,14766287
14-Jul-23,14746329,24303,14722026
30-Jun-23,14383718,27906,14355812
16-Jun-23,14023499,28732,13994767
2-Jun-23,14009695,36753,13972942
19-May-23,13893970,36349,13857621
5-May-23,13900688,33184,13867504
21-Apr-23,13859447,21292,13838155
7-Apr-23,13850556,20963,13829593
24-Mar-23,13675235,19905,13655330
10-Mar-23,13548593,28278,13520315
24-Feb-23,13450269,35276,13414993
10-Feb-23,13418060,44296,13373764
27-Jan-23,13337536,50165,13287371
13-Jan-23,13276759,52654,13224105
30-Dec-22,13306853,53972,13252881
16-Dec-22,13154442,54573,13099869
2-Dec-22,13106244,51619,13054625
18-Nov-22,12947813,52239,12895574
4-Nov-22,12926233,38379,12887854
21-Oct-22,12883404,25654,12857750
7-Oct-22,12858806,20633,12838173
23-Sep-22,12629875,21788,12608087
9-Sep-22,12551286,28592,12522694
26-Aug-22,12458658,27760,12430898
12-Aug-22,12425718,32097,12393621
29-Jul-22,12369350,32344,12337006
15-Jul-22,12280985,35928,12245057
1-Jul-22,12382792,37416,12345376
17-Jun-22,12150353,43558,12106795
3-Jun-22,12143121,48627,12094494
20-May-22,12038119,53253,11984866
6-May-22,12040719,55487,11985232
22-Apr-22,11956336,42552,11913784
8-Apr-22,11965873,39834,11926039
25-Mar-22,11891314,55010,11836304
11-Mar-22,11712341,60907,11651434
25-Feb-22,11643717,68224,11575493
11-Feb-22,11561762,77980,11483782
28-Jan-22,11468977,82389,11386588
14-Jan-22,11399077,85680,11313397
31-Dec-21,11582087,88679,11493408
17-Dec-21,11202146,85580,11116566
3-Dec-21,11158982,86437,11072545
19-Nov-21,11162193,82415,11079778
5-Nov-21,11161089,76866,11084223
22-Oct-21,11044619,63697,10980922
8-Oct-21,11014967,62408,10952559
24-Sep-21,10956817,62341,10894476
10-Sep-21,10912705,69738,10842967
27-Aug-21,10897601,68800,10828801
13-Aug-21,10888834,72012,10816822
30-Jul-21,10910567,77477,10833090
16-Jul-21,10878497,85670,10792827
2-Jul-21,10928554,83177,10845377
18-Jun-21,10841852,86912,10754940
4-Jun-21,10843921,89976,10753945
21-May-21,10831221,90662,10740559
7-May-21,10870006,85094,10784912
23-Apr-21,10860485,58334,10802151
9-Apr-21,10888466,49699,10838767
26-Mar-21,10949509,61254,10888255
12-Mar-21,10795818,69192,10726626
26-Feb-21,10774742,75205,10699537
12-Feb-21,10703541,75287,10628254
29-Jan-21,10703752,87109,10616643
15-Jan-21,10642893,86950,10555943
1-Jan-21,10702596,92544,10610052
18-Dec-20,10547037,93152,10453885
4-Dec-20,10497687,95912,10401775
20-Nov-20,10434880,88956,10345924
6-Nov-20,10419271,83631,10335640
23-Oct-20,10338868,66659,10272209
9-Oct-20,10343495,63393,10280102
25-Sep-20,10271581,66426,10205155
11-Sep-20,10226930,63854,10163076
28-Aug-20,10216158,65941,10150217
14-Aug-20,10219502,73082,10146420
31-Jul-20,10282057,79287,10202770
17-Jul-20,10219112,86355,10132757
3-Jul-20,10304203,85886,10218317
19-Jun-20,10245677,89288,10156389
5-Jun-20,10254570,85682,10168888
22-May-20,10222753,79416,10143337
8-May-20,10251833,69234,10182599
24-Apr-20,10273416,52643,10220773
10-Apr-20,10337904,54073,10283831
27-Mar-20,10370861,51763,10319098
13-Mar-20,10140473,60392,10080081
28-Feb-20,10104866,65596,10039270
14-Feb-20,10042583,73324,9969259
31-Jan-20,10105176,78899,10026277
17-Jan-20,10003642,82101,9921541
3-Jan-20,10036092,83502,9952590
20-Dec-19,9947444,85143,9862301
6-Dec-19,9934684,124664,9810020
22-Nov-19,9860303,91304,9768999
8-Nov-19,9846375,80048,9766327
25-Oct-19,9840562,69778,9770784
11-Oct-19,9789381,60290,9729091
27-Sep-19,9768854,60085,9708769
13-Sep-19,9713658,64736,9648922
30-Aug-19,9680153,62392,9617761
16-Aug-19,9684562,65220,9619342
2-Aug-19,9729002,62747,9666255
19-Jul-19,9658378,66001,9592377
5-Jul-19,9697434,70768,9626666
21-Jun-19,9648768,71419,9577349
7-Jun-19,9651903,77603,9574300
24-May-19,9621545,65722,9555823
10-May-19,9624757,61699,9563058
26-Apr-19,9620945,43161,9577784
12-Apr-19,9644786,35930,9608856
29-Mar-19,9771722,41610,9730112
15-Mar-19,9556242,52674,9503568
1-Mar-19,9520452,55644,9464808
15-Feb-19,9440366,61740,9378626
1-Feb-19,9429528,67729,9361799
18-Jan-19,9332555,70948,9261607
4-Jan-19,9337447,72341,9265106
21-Dec-18,9287636,77341,9210295
7-Dec-18,9206253,79445,9126808
23-Nov-18,9132626,72288,9060338
9-Nov-18,9111427,60547,9050880
26-Oct-18,9033975,55034,8978941
12-Oct-18,8993106,45526,8947580
28-Sep-18,8981664,47663,8934001
14-Sep-18,8798112,49489,8748623
31-Aug-18,8780753,48854,8731899
17-Aug-18,8673163,54157,8619006
3-Aug-18,8672844,49228,8623616
20-Jul-18,8609734,50642,8559092
6-Jul-18,8656613,59136,8597477
22-Jun-18,8614419,62538,8551881
8-Jun-18,8593845,65673,8528172
25-May-18,8537655,52910,8484745
11-May-18,8520645,58024,8462621
27-Apr-18,8517625,52035,8465590
13-Apr-18,8446023,31974,8414049
30-Mar-18,8625425,41989,8583436
16-Mar-18,8346747,42166,8304581
2-Mar-18,8319032,45635,8273397
16-Feb-18,8223208,47552,8175656
2-Feb-18,8233473,52379,8181094
19-Jan-18,8142006,58606,8083400
5-Jan-18,8152767,57489,8095278
22-Dec-17,8068267,66445,8001822
8-Dec-17,7998188,68773,7929415
24-Nov-17,7934715,74375,7860340
10-Nov-17,7931081,68234,7862847
27-Oct-17,7884645,62225,7822420
13-Oct-17,7864022,48577,7815445
29-Sep-17,7983438,46368,7937070
15-Sep-17,7754406,53377,7701029
1-Sep-17,7744237,50005,7694232
18-Aug-17,7681138,54340,7626798
4-Aug-17,7701926,55131,7646795
21-Jul-17,7659898,52429,7607469
7-Jul-17,7678455,51945,7626510
23-Jun-17,7635689,58340,7577349
9-Jun-17,7631307,57947,7573360
26-May-17,7569458,60701,7508757
12-May-17,7590941,57996,7532945
28-Apr-17,7582391,55681,7526710
14-Apr-17,7601970,48544,7553426
31-Mar-17,7841466,53927,7787539
17-Mar-17,7538202,55859,7482343
3-Mar-17,7488993,61454,7427539
17-Feb-17,7458850,105541,7353309
3-Feb-17,7445967,107355,7338612
20-Jan-17,7389528,104013,7285515
6-Jan-17,7384568,106733,7277835
23-Dec-16,7317391,105064,7212327
9-Dec-16,7312107,99923,7212184
25-Nov-16,7261754,91780,7169974
11-Nov-16,7324332,87092,7237240
28-Oct-16,7384414,102228,7282186
14-Oct-16,7333795,92072,7241723
30-Sep-16,7494868,85462,7409406
16-Sep-16,7282622,95993,7186629
2-Sep-16,7297078,101058,7196020
19-Aug-16,7247719,103516,7144203
5-Aug-16,7268231,104629,7163602
22-Jul-16,7240548,105460,7135088
8-Jul-16,7264295,103381,7160914
24-Jun-16,7227960,100382,7127578
10-Jun-16,7222939,96808,7126131
27-May-16,7226441,110661,7115780
13-May-16,7224697,110839,7113858
29-Apr-16,7232295,104069,7128226
15-Apr-16,7231867,90638,7141229
1-Apr-16,7500497,101205,7399292
18-Mar-16,7249615,105253,7144362
4-Mar-16,7220467,107387,7113080
19-Feb-16,7144778,107782,7036996
5-Feb-16,7125457,108697,7016760
22-Jan-16,7055477,102187,6953290
8-Jan-16,7050623,100102,6950521
25-Dec-15,6988249,111005,6877244
11-Dec-15,6939640,109388,6830252
27-Nov-15,6839154,108926,6730228
13-Nov-15,6813875,101635,6712240
30-Oct-15,6794626,102449,6692177
16-Oct-15,6763360,94675,6668685
2-Oct-15,6809610,87455,6722155
18-Sep-15,6685892,102739,6583153
4-Sep-15,6672133,100706,6571427
21-Aug-15,6638819,102682,6536137
7-Aug-15,6643388,101447,6541941
24-Jul-15,6627976,108566,6519410
10-Jul-15,6641956,107868,6534088
26-Jun-15,6630624,111435,6519189
12-Jun-15,6660600,116860,6543740
29-May-15,6606344,116538,6489806
15-May-15,6603927,111544,6492383
1-May-15,6651134,104086,6547048
17-Apr-15,6575199,87126,6488073
3-Apr-15,6802521,69227,6733294
20-Mar-15,6536420,94418,6442002
6-Mar-15,6499947,97999,6401948
20-Feb-15,6425793,99739,6326054
6-Feb-15,6413367,102982,6310385
23-Jan-15,6363923,102997,6260926
9-Jan-15,6362466,109229,6253237
26-Dec-14,6318524,108322,6210202
12-Dec-14,6275072,105239,6169833
28-Nov-14,6255348,107514,6147834
14-Nov-14,6224349,105846,6118503
31-Oct-14,6244192,108975,6135217
17-Oct-14,6192158,99919,6092239
3-Oct-14,6240256,98986,6141270
19-Sep-14,6118066,105071,6012995
5-Sep-14,6112362,104357,6008005
22-Aug-14,6086903,107786,5979117
8-Aug-14,6100271,108320,5991951
25-Jul-14,6084262,112474,5971788
11-Jul-14,6097432,113733,5983699
27-Jun-14,6094944,114410,5980534
13-Jun-14,6062437,109734,5952703
30-May-14,6041520,116574,5924946
16-May-14,6020312,114850,5905462
2-May-14,6044606,105308,5939298
18-Apr-14,6013043,92690,5920353
4-Apr-14,6064660,89613,5975047
21-Mar-14,5994096,98447,5895649
7-Mar-14,5920762,100030,5820732
21-Feb-14,5845833,106567,5739266
7-Feb-14,5835548,110709,5724839
24-Jan-14,5775735,111774,5663961
10-Jan-14,5771872,113708,5658164
27-Dec-13,5741342,111838,5629504
13-Dec-13,5684690,107535,5577155
29-Nov-13,5646481,104191,5542290
15-Nov-13,5633180,101786,5531394
1-Nov-13,5641908,102777,5539131
18-Oct-13,5597985,92550,5505435
4-Oct-13,5650107,99214,5550893
20-Sep-13,5602021,99150,5502871
6-Sep-13,5598796,101427,5497369
23-Aug-13,5514416,102302,5412114
9-Aug-13,5489852,108424,5381428
26-Jul-13,5395626,101150,5294476
12-Jul-13,5385033,113691,5271342
28-Jun-13,5404562,112357,5292205
14-Jun-13,5347325,111134,5236191
31-May-13,5368778,118042,5250736
17-May-13,5319878,120133,5199745
3-May-13,5329812,116083,5213729
19-Apr-13,5281173,96252,5184921
5-Apr-13,5349040,97970,5251070
22-Mar-13,5260459,96421,5164038
8-Mar-13,5178577,104002,5074575
22-Feb-13,5127264,106923,5020341
8-Feb-13,5099542,108734,4990808
25-Jan-13,5050915,105706,4945209
11-Jan-13,5041329,106414,4934915
28-Dec-12,5025872,107558,4918314
14-Dec-12,4961525,108684,4852841
30-Nov-12,4958790,107787,4851003
16-Nov-12,4892514,108188,4784326
2-Nov-12,4859578,103943,4755635
19-Oct-12,4813562,95220,4718342
5-Oct-12,4813992,91779,4722213
21-Sep-12,4763740,92579,4671161
7-Sep-12,4749917,94702,4655215
24-Aug-12,4723264,96798,4626466
10-Aug-12,4725018,99782,4625236
27-Jul-12,4704497,97787,4606710
13-Jul-12,4725981,102758,4623223
29-Jun-12,4763038,107521,4655517
15-Jun-12,4714484,105536,4608948
1-Jun-12,4714265,112050,4602215
18-May-12,4649924,105211,4544713
4-May-12,4645727,98885,4546842
20-Apr-12,4619249,81643,4537606
6-Apr-12,4693407,79785,4613622
23-Mar-12,4611852,81303,4530549
9-Mar-12,4488766,83827,4404939
24-Feb-12,4409095,83212,4325883
10-Feb-12,4382729,81578,4301151
27-Jan-12,4352729,83086,4269643
13-Jan-12,4334683,86392,4248291
30-Dec-11,4366878,84547,4282331
16-Dec-11,4268316,82905,4185411
2-Dec-11,4236830,81843,4154987
18-Nov-11,4188672,78713,4109959
4-Nov-11,4181846,77463,4104383
21-Oct-11,4151551,68922,4082629
7-Oct-11,4149670,63315,4086355
23-Sep-11,4094825,68245,4026580
9-Sep-11,4075193,73415,4001778
26-Aug-11,4047630,73581,3974049
12-Aug-11,4051352,72447,3978905
29-Jul-11,4011368,70451,3940917
15-Jul-11,4014386,76439,3937947
1-Jul-11,4088135,79607,4008528
17-Jun-11,4000924,77328,3923596
3-Jun-11,3984289,73937,3910352
20-May-11,3958008,66556,3891452
6-May-11,3960122,59025,3901097
22-Apr-11,3925447,43628,3881819
8-Apr-11,3953292,49927,3903365
25-Mar-11,3942083,64282,3877801
11-Mar-11,3857964,66073,3791891
25-Feb-11,3813016,65291,3747725
11-Feb-11,3787785,64002,3723783
28-Jan-11,3737677,61181,3676496
14-Jan-11,3720760,63952,3656808
31-Dec-10,3765372,65947,3699425
17-Dec-10,3644569,62521,3582048
3-Dec-10,3597601,61487,3536114
19-Nov-10,3559896,58007,3501889
5-Nov-10,3530396,53749,3476647
22-Oct-10,3479499,47214,3432285
8-Oct-10,3473059,49754,3423305
24-Sep-10,3425228,50232,3374996
10-Sep-10,3383406,51118,3332288
27-Aug-10,3353977,47285,3306692
13-Aug-10,3367466,46927,3320539
30-Jul-10,3379999,51426,3328573
16-Jul-10,3364167,45404,3318763
2-Jul-10,3408145,54450,3353695
18-Jun-10,3315291,52969,3262322
4-Jun-10,3292340,52148,3240192
21-May-10,3232150,49402,3182748
7-May-10,3230594,52627,3177967
23-Apr-10,3215279,47979,3167300
9-Apr-10,3243789,48148,3195641
26-Mar-10,3244788,48489,3196299
12-Mar-10,3129849,49401,3080448
26-Feb-10,3092750,47891,3044859
12-Feb-10,3054794,44526,3010268
29-Jan-10,3031227,43915,2987312
15-Jan-10,3010178,42534,2967644
1-Jan-10,3024572,46359,2978213
18-Dec-09,2942279,45037,2897242
4-Dec-09,2922518,44564,2877954
20-Nov-09,2899854,41852,2858002
6-Nov-09,2893433,42113,2851320
23-Oct-09,2868265,36012,2832253
9-Oct-09,2888995,42720,2846275
25-Sep-09,2874670,42417,2832253
11-Sep-09,2824537,47771,2776766
28-Aug-09,2806741,49111,2757630
14-Aug-09,2800504,48870,2751634
31-Jul-09,2805224,48891,2756333
17-Jul-09,2773501,48148,2725353
3-Jul-09,2795567,57674,2737893
19-Jun-09,2767986,60661,2707325
5-Jun-09,2760218,59107,2701111
22-May-09,2736452,57482,2678970
8-May-09,2752996,55217,2697779
24-Apr-09,2744490,48976,2695514
10-Apr-09,2769159,46749,2722410
27-Mar-09,2775549,46211,2729338
13-Mar-09,2692759,47902,2644857
27-Feb-09,2667928,48430,2619498
13-Feb-09,2652004,47068,2604936
30-Jan-09,2637780,45520,2592260
16-Jan-09,2642077,49695,2592382
2-Jan-09,2657658,54618,2603040
19-Dec-08,2643734,52109,2591625
5-Dec-08,2642221,51239,2590982
21-Nov-08,2633180,49391,2583789
7-Nov-08,2634037,51574,2582463
24-Oct-08,2615981,48254,2567727
10-Oct-08,2609689,48894,2560795
26-Sep-08,2551026,45175,2505851
12-Sep-08,2495558,45190,2450368
29-Aug-08,2460754,44343,2416411
15-Aug-08,2438816,44052,2394764
1-Aug-08,2424204,44348,2379856
18-Jul-08,2407308,50359,2356949
4-Jul-08,2405599,50720,2354879
20-Jun-08,2393239,50146,2343093
6-Jun-08,2383344,49237,2334107
23-May-08,2361207,54342,2306865
9-May-08,2348100,50041,2298059
25-Apr-08,2325134,41023,2284111
11-Apr-08,2332808,39129,2293679
28-Mar-08,2361914,44399,2317515
14-Mar-08,2277640,43505,2234135
29-Feb-08,2254760,44311,2210449
15-Feb-08,2214020,42818,2171202
1-Feb-08,2210316,41191,2169125
18-Jan-08,2165563,39183,2126380
4-Jan-08,2144017,41283,2102734
21-Dec-07,2124491,40267,2084224
7-Dec-07,2090228,39209,2051019
23-Nov-07,2072746,37697,2035049
9-Nov-07,2063226,36720,2026506
26-Oct-07,2026709,35866,1990843
12-Oct-07,2015469,37019,1978450
28-Sep-07,2037480,37008,2000472
14-Sep-07,1976139,38170,1937969
31-Aug-07,1962309,38489,1923820
17-Aug-07,1938231,38358,1899873
3-Aug-07,1929402,41322,1888080
20-Jul-07,1914055,41296,1872759
6-Jul-07,1916377,44228,1872149
22-Jun-07,1894841,43956,1850885
8-Jun-07,1890755,43441,1847314
25-May-07,1883720,44863,1838857
11-May-07,1888571,47404,1841167
27-Apr-07,1887837,49886,1837951
13-Apr-07,1898851,46354,1852497
30-Mar-07,1931189,46520,1884669
16-Mar-07,1868653,45837,1822816
2-Mar-07,1847009,44989,1802020
16-Feb-07,1813666,43998,1769668
2-Feb-07,1798113,43502,1754611
19-Jan-07,1768964,41210,1727754
5-Jan-07,1766162,43082,1723080
22-Dec-06,1735705,41629,1694076
8-Dec-06,1711565,40365,1671200
24-Nov-06,1683257,38679,1644578
10-Nov-06,1671771,37657,1634114
27-Oct-06,1654089,36632,1617457
13-Oct-06,1637841,33445,1604396
29-Sep-06,1661491,33458,1628033
15-Sep-06,1608219,36395,1571824
1-Sep-06,1596214,36528,1559686
18-Aug-06,1574027,36534,1537493
4-Aug-06,1564655,36287,1528368
21-Jul-06,1548107,36083,1512024
7-Jul-06,1540895,37854,1503041
23-Jun-06,1521127,41297,1479830
9-Jun-06,1507106,40546,1466560
26-May-06,1493433,39062,1454371
12-May-06,1487646,38473,1449173
28-Apr-06,1485778,37257,1448521
14-Apr-06,1487114,32982,1454132
31-Mar-06,1507077,40690,1466387
17-Mar-06,1447666,41825,1405841
3-Mar-06,1422360,41448,1380912
17-Feb-06,1399305,40528,1358777
3-Feb-06,1386264,39951,1346313
20-Jan-06,1362173,38342,1323831
6-Jan-06,1349761,43099,1306662
23-Dec-05,1339096,41012,1298084
9-Dec-05,1323909,43598,1280311
25-Nov-05,1307241,42454,1264787
11-Nov-05,1301921,41233,1260688
28-Oct-05,1287324,39805,1247519
14-Oct-05,1271378,37208,1234170
30-Sep-05,1276238,39549,1236689
16-Sep-05,1227765,40248,1187517
2-Sep-05,1214079,40071,1174008
19-Aug-05,1197819,40327,1157492
5-Aug-05,1193705,40240,1153465
22-Jul-05,1175841,39657,1136184
8-Jul-05,1176959,44816,1132143
24-Jun-05,1161203,44804,1116399
10-Jun-05,1150808,45748,1105060
27-May-05,1141073,45726,1095347
13-May-05,1139535,44371,1095164
29-Apr-05,1127982,41765,1086217
15-Apr-05,1127774,36846,1090928
1-Apr-05,1152210,40015,1112195
18-Mar-05,1100428,41120,1059308
4-Mar-05,1073555,41440,1032115
18-Feb-05,1058331,41482,1016849
4-Feb-05,1053825,42948,1010877
21-Jan-05,1047322,41428,1005894
7-Jan-05,1040708,45058,995650
24-Dec-04,1027877,43779,984098
10-Dec-04,1016824,43193,973631
26-Nov-04,1007098,42379,964719
12-Nov-04,999347,41227,958120
29-Oct-04,990757,39711,951046
15-Oct-04,972227,35959,936268
1-Oct-04,938995,38638,900357
17-Sep-04,920475,38189,882286
3-Sep-04,911157,39856,871301
20-Aug-04,903640,39926,863714
6-Aug-04,896682,42442,854240
23-Jul-04,883625,42561,841064
9-Jul-04,882553,43457,839096
25-Jun-04,878870,43061,835809
11-Jun-04,868003,43161,824842
28-May-04,863996,43512,820484
14-May-04,862552,42232,820320
30-Apr-04,864903,42997,821906
16-Apr-04,860871,38326,822545
2-Apr-04,874852,36972,837880
19-Mar-04,840785,35961,804824
5-Mar-04,822859,35858,787001
20-Feb-04,812462,35267,777195
6-Feb-04,810777,36468,774309
23-Jan-04,796995,36686,760309
9-Jan-04,796718,36535,760183
26-Dec-03,783357,36352,747005
12-Dec-03,772371,35506,736865
28-Nov-03,769212,36461,732751
14-Nov-03,762557,35438,727119
31-Oct-03,762303,36020,726283
17-Oct-03,753830,34151,719679
3-Oct-03,758143,37372,720771
19-Sep-03,735478,37464,698014
5-Sep-03,733837,41606,692231
22-Aug-03,726658,41283,685375
8-Aug-03,729765,43251,686514
25-Jul-03,726653,43277,683376
11-Jul-03,725680,43588,682092
27-Jun-03,732893,50065,682828
13-Jun-03,728542,50565,677977
30-May-03,730370,51047,679323
16-May-03,730314,49277,681037
2-May-03,731917,49922,681995
18-Apr-03,729984,44589,685395
4-Apr-03,743492,44591,698901
21-Mar-03,729215,49479,679736
7-Mar-03,716012,49716,666296
21-Feb-03,709483,50227,659256
7-Feb-03,706312,50432,655880
24-Jan-03,697531,49784,647747
10-Jan-03,695548,50142,645406
27-Dec-02,692244,51947,640297
13-Dec-02,685083,52227,632856
29-Nov-02,683670,54346,629324
15-Nov-02,681052,54204,626848
1-Nov-02,682570,55413,627157
18-Oct-02,672837,52705,620132
4-Oct-02,675592,53226,622366
20-Sep-02,661118,53362,607756
6-Sep-02,658510,56178,602332
23-Aug-02,653381,56400,596981
9-Aug-02,653560,58853,594707
26-Jul-02,651192,59077,592115
12-Jul-02,652270,59463,592807
28-Jun-02,648818,61008,587810
14-Jun-02,643873,60446,583427
31-May-02,644748,60669,584079
17-May-02,640676,58793,581883
3-May-02,642886,57000,585886
19-Apr-02,595801,52484,543317
5-Apr-02,603670,51706,551964
22-Mar-02,589723,53978,535745
8-Mar-02,576133,53904,522229
22-Feb-02,572851,53562,519289
8-Feb-02,570780,54981,515799
25-Jan-02,568543,54680,513863
11-Jan-02,567656,53195,514461
28-Dec-01,559673,52276,507397
14-Dec-01,550231,51763,498468
30-Nov-01,549319,51730,497589
16-Nov-01,549228,51237,497991
2-Nov-01,547935,52075,495860
19-Oct-01,543116,50280,492836
5-Oct-01,546098,50202,495896
21-Sep-01,529986,48261,481725
7-Sep-01,527787,50069,477718
24-Aug-01,527608,50637,476971
10-Aug-01,528117,51184,476933
27-Jul-01,524104,51027,473077
13-Jul-01,523907,50778,473129
29-Jun-01,519416,50340,469076
15-Jun-01,516411,48798,467613
1-Jun-01,515679,48731,466948
18-May-01,518799,46436,472363
4-May-01,517568,43097,474471
20-Apr-01,515291,36107,479184
6-Apr-01,528363,37832,490531
23-Mar-01,511434,39991,471443
9-Mar-01,505721,39928,465793
23-Feb-01,504722,39611,465111
9-Feb-01,501575,39594,461981
26-Jan-01,500283,39078,461205
12-Jan-01,498429,38417,460012
29-Dec-00,497703,37450,460253
15-Dec-00,485573,36946,448627
1-Dec-00,481403,36917,444486
17-Nov-00,480697,35434,445263
3-Nov-00,478640,35157,443483
20-Oct-00,478126,33845,444281
6-Oct-00,478169,32884,445285
22-Sep-00,467451,32090,435361
8-Sep-00,463464,32450,431014
25-Aug-00,462266,32636,429630
11-Aug-00,457784,31698,426086
28-Jul-00,457557,32808,424749
14-Jul-00,456194,32873,423321
30-Jun-00,459934,33182,426752
16-Jun-00,446923,32081,414842
2-Jun-00,444346,31636,412710
19-May-00,442503,30293,412210
5-May-00,443070,29057,414013
21-Apr-00,444140,25490,418650
7-Apr-00,446764,24928,421836
24-Mar-00,435958,25691,410267
10-Mar-00,427046,24935,402111
25-Feb-00,424584,25927,398657
11-Feb-00,419724,25961,393763
28-Jan-00,415288,26056,389232
14-Jan-00,414597,25507,389090
31-Dec-99,415177,25598,389579
17-Dec-99,401309,24428,376881
3-Dec-99,396752,24023,372729
19-Nov-99,394553,23409,371144
5-Nov-99,395418,23179,372239
22-Oct-99,392452,21404,371048
8-Oct-99,389960,21252,368708
24-Sep-99,380658,20532,360126
10-Sep-99,375288,20946,354342
27-Aug-99,374766,21688,353078
13-Aug-99,373407,22059,351348
30-Jul-99,372052,22491,349561
16-Jul-99,372389,22697,349692
2-Jul-99,370491,21990,348501
18-Jun-99,363595,22221,341374
4-Jun-99,365723,22419,343304
21-May-99,367186,21797,345389
7-May-99,368317,20799,347518
23-Apr-99,367733,18935,348798
9-Apr-99,370026,16288,353738
26-Mar-99,368870,16816,352054
12-Mar-99,355240,16732,338508
26-Feb-99,353469,17336,336133
12-Feb-99,349862,17113,332749
29-Jan-99,349271,17056,332215
15-Jan-99,350567,16600,333967
1-Jan-99,347043,16101,330942
18-Dec-98,338168,15987,322181
4-Dec-98,337580,16006,321574
20-Nov-98,336465,16702,319763
6-Nov-98,337392,16073,321319
23-Oct-98,337819,16728,321091
9-Oct-98,335723,15949,319774
25-Sep-98,330690,16079,314611
11-Sep-98,324055,16025,308030
28-Aug-98,323597,16698,306899
14-Aug-98,321633,16996,304637
31-Jul-98,323050,17458,305592
17-Jul-98,323396,17701,305695
3-Jul-98,323938,17683,306255
19-Jun-98,318831,16828,302003
5-Jun-98,319670,16389,303281
22-May-98,320390,15492,304898
8-May-98,320980,13869,307111
24-Apr-98,321577,12919,308658
10-Apr-98,326194,12214,313980
27-Mar-98,324079,12485,311594
13-Mar-98,312980,12335,300645
27-Feb-98,313456,12868,300588
13-Feb-98,307986,12245,295741
30-Jan-98,307061,12415,294646
16-Jan-98,302076,12012,290064
2-Jan-98,300530,11856,288674
19-Dec-97,291111,12025,279086
5-Dec-97,288722,11846,276876
21-Nov-97,286317,11568,274749
7-Nov-97,286838,10741,276097
24-Oct-97,285007,10212,274795
10-Oct-97,284441,9051,275390
26-Sep-97,279734,8903,270831
12-Sep-97,276352,8700,267652
29-Aug-97,277099,9442,267657
15-Aug-97,275832,9338,266494
1-Aug-97,277465,9121,268344
18-Jul-97,277322,9252,268070
4-Jul-97,278589,8897,269692
20-Jun-97,275669,10074,265595
6-Jun-97,276067,9915,266152